almond,
all-purpose flour,
amaretti,
anchovy,
anise,
apple juice,
artichoke,
artichoke heart,
artichoke,
asparagus,
asparagus spear,
aubergine,
avocado,
bacon,
baguette,
baked beans,
baking soda,
baking powder,
balsamic vinegar,
bamboo,
banana,
bap,
basil,
bay leaf,
bay leaves,bay leaf
bean,
beef,
beef mince,
beef brisket,
beef stock,
beef tenderloin,
bell pepper,
berry,
berries,berry
bicarbonate of soda,
biscuit,
biscuit,
black olive,
black pepper,
black-eyed peas,
blueberries,blueberry
blueberry,
bonnet chilli,
bouillon,
bourbon,
braising steak,
bran,
brandy,
bread,
breadcrumbs,
bbq sauce,
habanero sauce,
brie,
brine,
broccoli,
brown rice,
brown sauce,
brown sugar,
buckwheat,
buffalo,
bun,
butter,
buttermilk,
butternut,
butternut squash,
butterscotch,
cabbage,
cake,
candy,
candies,candy
cannellini,
canola oil,
caper,
caramel,
caraway seed,
cardamom,
carrot,
carrot,
cashew,
caster sugar,
cayenne pepper,
celeriac,
celery,
cereal,
champagne,
chard,
cheddar,
cheddar cheese,
cheese,
cherries,cherry
cherry,
cherry tomato,
chestnut,
chicken,
chicken breast,
chicken drumstick,
chicken stock,
chicken thigh,
chicken leg,
chicken,
chickpea,
chicory,
chile,
chilli,
chillies,
chili powder,
chipotle,
chip,
chive,
chive,
chocolate,
chocolate chip,
chop,
choy,
chutney,
ciabatta,
cider,
cilantro,
cinnamon,
clam,
clarified butter,
clove,
cocoa,
coconut,
orange essence,
almond essence,
coconut milk,
coconut oil,
cod,
coffee,
coleslaw,
condensed milk,
coriander,
coriander leaves,
corn,
cornflour,
cornmeal,
cornstarch,
courgette,
couscous,
cracker,
cranberry,
cranberry,
cranberry juice,
cream,
cream cheese,
single cream,
double cream,
sour cream,
creme fraiche,
crisp,
crust,
creme de cassis,
cucumber,
cumin,
custard,
diced tomato,
date,
dijon mustard,
dill,
duck,
edamame bean,
egg,
eggplant,
espresso,
fennel,
feta,
fig,
filet mignon,
fillet steak,
filo pastry,
fish,
flank,
flax,
flour,
focaccia,
foie gras,
fruit,
fudge,
garam masala,
garlic,
garlic clove,
gelatine,
gin,
ginger,
glucose,
goat,
goat's cheese,
golden syrup,
gorgonzola,
gouda,
graham cracker,
grand marnier,
granola,
grape,
grapefruit,
grape,
grapeseed,
green olive,
green onion,
green pepper,
green,
gruyere,
gruyere cheese,
haddock,
ham,
harissa,
heavy cream,
herbs,
hoisin,
hoisin sauce,
honey,
honeydew melon,
horseradish,
hot sauce,
ice,
iceberg lettuce,
icing sugar,
jalapeno,
jalapeno pepper,
juice,
julienne,
kalamata olives,
kale,
ketchup,
kidney bean,
lager,
lamb,
lard,
lardons,
lasagne,
lavender,
leek,
lemon,
lemongrass,
lemon juice,
lentil,
lettuce,
lime,
limoncello,
lobster,
loin,
lychee,
macadamia nut,
macaroni,
malt,
mangetout,
mango,
mangoes,mango
maple syrup,
marinara,
marshmallow,
marzano,
mascarpone,
mayonnaise,
meat,
melon,
milk,
mince,
mint,
miso soup,
molasses,
monterey jack,
mozzarella,
mushroom,
mustard,
new potato,
noodle,
nori,
nutella,
nutmeg,
nut,
oat,
oil,
okra,
olive oil,
olive,
onion,
onion ring,
orange,
orange juice,
oregano,
oreo,
oyster,
pak choi,
pancake mix,
pancetta,
panko,
papaya,
paprika,
parma ham,
parmesan,
parmigiano,
parmigiano-reggiano,
parsley,
parsnip,
passion fruit,
pasta,
Pasta shell,
pastry,
pea,
peach,
peaches,
peanut,
pear,
pea,
pecan,
pecorino,
penne,
penne pasta,
pepper,
peppercorn,
pepper jack,
pepperoni,
peppers,
pesto,
pickle,
pickled gherkin,
pickled onion,
pickled red onion,
pie,
pimento pepper,
pine nut,
pineapple,
pistachio,
pita,pitta
pitta,
pitted olive,
pizza,
pizza sauce,
plantain,
plum,
plum tomato,
plum tomatoes,plum tomato
sun dried tomato,sun dried tomatoes
sun-dried tomato,sun-dried tomatoes
poblano,
pod,
polenta,
pomegranate,
popcorn,
pork,
Pork chop,
porridge,
potato,
potatoes,potato
powdered sugar,
prawn,
prosciutto,
prosciutto ham,
provolone,
pumpkin,
quail,
radicchio,
radish,
radishes,radish
rapeseed oil,
raspberries,raspberry
raspberry,
red pepper,
red onion,
relish,
rhubarb,
rib,
rice,
rice flower,
ricotta,
rocket,
roll,
rose,
rosemary,
russet,
saffron,
sage,
sake,
salad,
salami,
salmon,
salmon flake,
salsa,
salt,
sauce,
sausage,
savoy cabbage,
scallion,
scallop,
schnapps,
self raising flour,
semolina,
serrano ham,
sesame seed,
shallot,
shaohsing,
sherry,
shiitake,
shiitake mushroom,
shortcrust pastry,
shrimp,
sirloin,
sirloin steak,
slaw,
smoky bacon,
snapper,
sourdough,
soy sauce,
spaghetti,
spaghetti sauce,
spice,
spinach,
sponge,
spring onion,
sprout,
squash,
squid,
sriracha,
steak,
stock,
stout,
strawberries,
strawberry,
stuffing,
sugar,
sultana,
sunflower oil,
sushi rice,
sweet pepper,
sweetcorn,
sweets,
swordfish,
tahini,
tangerine,
tapioca,
tarragon,
tartar,
tea,
tequila,
thyme,
toast,
toffee,
tofu,
tomatillos,
tomato,
tomato puree,
tomatoes,tomato
tortilla,
treacle,
tuna steak,
tuna,
turkey,
turkey breast,
turkey thigh,
turmeric,
turnip,
unsalted butter,
vanilla,
vanilla bean,
vanilla essence,
vanilla extract,
vanilla pod,
veal,
vegetable oil,
vermouth,
vinaigrette,
vinegar,
white wine vinegar,
red wine vinegar,
vodka,
waffle,
water,
walnut,
watercress,
watermelon,
white chocolate chip,
white rice,
wholegrain pasta,
wine,
worcestershire sauce,
yeast,
yellow pepper,
zucchini,
greek yoghurt,
natural yoghurt,
yoghurt,
yogurt,
